name,url,description,category,status
Machiniste cnc bois | Facebook,https://www.facebook.com/groups/763760030303677/,"Nov 24, 2025 · Salut gang je cherche une machine qui tourne le bois l'epoxy et l'acrylique de style cnc pour la fabrication de stylet qui mesure environ 5 pouces de long et 3/4 de pouces de diamètre. Connaissez-vous des compagnies ou référence qui pourrait m'orienter sur ce genre de machine cnc ( petit tour à bois cnc ) je suis du Québec Bonjour.",italia,reviewed
"TechnaHub - Le Hub des Makers francophones (3D, CNC, Gravure, ...)",https://www.facebook.com/groups/technahub/,"Bienvenue dans TechnaHub, le groupe officiel de la communauté TechNapa. Cet espace rassemble les makers francophones qui souhaitent partager leurs projets, leurs idées, leurs astuces et leurs découvertes autour de l'impression 3D, de la CNC, de la gravure laser et de tout l'univers créatif qui nous réunit. Ici, vous pouvez publier : vos impressions 3D, gravures, découpes, projets CNC ...",italia,reviewed
Entraide Fraiseuse CNC et Découpe Laser,https://www.facebook.com/groups/1435508696462095/,توسط کاربر به صورت دستی اضافه شده است.,italia,reviewed
Machines CNC loisirs (Francophone)),https://www.facebook.com/groups/CNCshop/,Popular groups · Find communities for you · Over 1 billion people across the globe are using Facebook Groups to explore their favorite topics · Log in · Categories · Science & tech · Travel · Animals · Sports & fitness · Entertainment,italia,reviewed
Machines de decoupe CNC DIY (fait maison...) Francophone,https://www.facebook.com/groups/111005416561/,Popular groups · Find communities for you · Over 1 billion people across the globe are using Facebook Groups to explore their favorite topics · Log in · Categories · Science & tech · Travel · Animals · Sports & fitness · Entertainment,italia,reviewed
3D Models CNC Deutschland,https://www.facebook.com/groups/2442683049084279/,Popular groups · Find communities for you · Over 1 billion people across the globe are using Facebook Groups to explore their favorite topics · Log in · Categories · Science & tech · Travel · Animals · Sports & fitness · Entertainment,italia,reviewed
CNC ITALIA - TUTTO SULLE MACCHINE A CONTROLLO NUMERICO - Facebook,https://www.facebook.com/groups/251692602945834/,"Buona sera a tutti, vorrei comprare una cnc per fresare legno, mi serve per piccole cose, per il momento, vorrei spendere poco, per prenderci mano e approcciarmi a questo mondo, potete consigliarmi? Grazie mille Tony",italia,reviewed
#ILCONFRONTO legno - stampa 3D - incisore laser - CNC - Facebook,https://www.facebook.com/groups/252507942344099/,"#ILCONFRONTO legno - stampa 3D - incisore laser - CNC - elettroutensili ... About this group Il gruppo è stato creato per condividere opinioni/paragoni su qualsiasi elettroutensile, lavori realizzati da chi ama il fai da te, (non si accettano lavori fatti da professionisti).",italia,reviewed
Bambulab per principianti - Facebook,https://www.facebook.com/groups/829320165854493/,"Unisciti a noi per: • Condividere e risolvere dubbi tecnici • Scoprire nuovi materiali e accessori per le stampanti Bambulab • Approfondire le basi della modellazione e stampa 3D • Ricevere supporto da altri utenti e dai più esperti del gruppo Ricorda: non ci sono domande stupide, ogni dubbio è un passo verso la maestria nella stampa ...",italia,reviewed
Stampa 3D Italia - Facebook,https://www.facebook.com/groups/1422895551299126/,Facciamo crescere insieme quella che sarà la prima community in Italia sulla Stampa 3D La stampa 3D rappresenta la naturale evoluzione della stampa 2D e permette di avere una riproduzione reale di un modello 3D realizzato con un software di modellazione 3D.,italia,reviewed
TUTTO SULLE MACCHINE A CONTROLLO NUMERICO,https://m.facebook.com/groups/251692602945834/group/,"See posts, photos and more on Facebook",italia,reviewed
Cnc e smanettoni (Italia) - Facebook,https://www.facebook.com/groups/813837905661130/,Lo scopo di questo gruppo è quello di unire assieme a tutti i membri la nostra passione per qualsiasi macchina CNC per scambiarci idde e consigli a vicenda.,italia,reviewed
